"conversation_id_str","created_at","favorite_count","full_text","id_str","image_url","in_reply_to_screen_name","lang","location","quote_count","reply_count","retweet_count","tweet_url","user_id_str","username"
"1774377158292783501","Sun Mar 31 23:59:55 +0000 2024","0","@QianzyZ Insa Allah Prabowo Gibran presiden RI ny rakyat Indonesia memilih sendiri Indonesia maju bersama demokratS14P Prabowo Gibran ny","1774587461362188756","","QianzyZ","in","Cisoka, Indonesia","0","0","0","https://x.com/PropertyTaja/status/1774587461362188756","1575064788161667072","PropertyTaja"
"1774463723908026587","Sun Mar 31 23:59:38 +0000 2024","0","@Dennysiregar7 @officialMKRI Dibatalkan pun putusan MK gak akan menggugurkan Gibran. Ini berlaku kedepannya. Mentang mentang goblok jangan diborong semua Den.","1774587387605393456","","Dennysiregar7","in","","0","0","0","https://x.com/ElJibril4/status/1774587387605393456","1092353879113576448","ElJibril4"
"1774374831364186286","Sun Mar 31 23:58:40 +0000 2024","0","@gilang_ahm31272 Mengingati kembali 4 kata yaitu Produk Cacat Moral MK @gibran dan akan di ingat selama Indonesia masih ada.","1774587146776744430","","gilang_ahm31272","in","Nangro Aceh Darussalam, Indone","0","0","0","https://x.com/zulfans171/status/1774587146776744430","1540473600565968896","zulfans171"
"1774586691124437374","Sun Mar 31 23:56:52 +0000 2024","0","Dewasa itu bukan masalah usia - dewasa itu soal kemampuan menganalisa - mengolah data &amp; eksekusi nyata. Maju terus mas Gibran - Gusti ngayomi.","1774586694114873478","","ariefchristiyo","in","Solo, Central Java, Indonesia","0","0","0","https://x.com/ariefchristiyo/status/1774586694114873478","2190306348","ariefchristiyo"
"1774578312947593674","Sun Mar 31 23:55:53 +0000 2024","0","@tempodotco @SimbahPutri1 @officialMKRI @jokowi @prabowo @gibran_tweet Lalu diadakan pertemuan antara Ibu @msoekarnoputri Dan @prabowo Dgn target merayu dan membujuk @PDI_Perjuangan agar mau bergabung dgn pemerintahan @prabowo hasil dr proses curang tsb. Dan @PDI_Perjuangan termakan bujuk rayu ikut bergabung ke pemerintahan @prabowo . ","1774586445212340587","","BiruBir26073179","in","","0","1","0","https://x.com/BiruBir26073179/status/1774586445212340587","1611783237013229569","BiruBir26073179"
"1774337928111743344","Sun Mar 31 23:55:00 +0000 2024","1","@barry_all2n @gibran_tweet Hahahaaa btul kata Gibran waktu debat padah mudah simpel klo qda Tambang ilegal gk usah di Tangkepin orang dong pak cabut aja ijin nya BERES sesimpel itu kan‚ÄçÔ∏è","1774586224575197478","","barry_all2n","in","Bandung timur","0","0","0","https://x.com/abah_igor/status/1774586224575197478","1055658911590637568","abah_igor"
"1774295200036487392","Sun Mar 31 23:54:13 +0000 2024","0","@TheLadyJokeer @gibran_tweet Sekjen ko nangis nangis. Dan suka nyinyir. Ganti pacul saja.","1774586026708902147","","TheLadyJokeer","in","","0","0","0","https://x.com/Denbagus481/status/1774586026708902147","1524713850515247104","Denbagus481"
"1771476816877744572","Sun Mar 31 23:54:02 +0000 2024","0","@gibran_tweet Pak @gibran_tweet tdk usah ikuti polemik gugatan pencalonan yg tidak sah. Tunjukan aja proyek besar yg sangat berpengaruh utk rakyat dan publikasikan. Spy yg pilih anda sbg wapres tdk kecewa. Ayo pak ditunggu gebrakan/bomb nya.","1774585979657163003","","gibran_tweet","in","","0","0","0","https://x.com/LizaBali3/status/1774585979657163003","1563653900309524481","LizaBali3"
"1774410598358683947","Sun Mar 31 23:53:49 +0000 2024","4","@KompasTV Cape nasihatin lu berdua @gibran_tweet dah dibilang ngelanggar etika eh masih dihajar juga! Terserah lu dah pada asal jangan nyusahin hidup gw aja! Jgn sampe gegara lu bedua gw harus nerina bansos. It's mean hidup gw jad susah!!","1774585926251085946","","KompasTV","in","Indonesia","0","0","0","https://x.com/NgarangBebasAja/status/1774585926251085946","2690105826","NgarangBebasAja"
"1774428783279493504","Sun Mar 31 23:51:52 +0000 2024","0","@realfedinuril Sehat2 mas @realfedinuril biar bisa menyaksikan pelantikan Pak @prabowo dan Mas @gibran_tweet ... Aamiin","1774585435177849110","","realfedinuril","in","","0","0","0","https://x.com/imansoekamti87/status/1774585435177849110","1278247470498066433","imansoekamti87"
"1774295200036487392","Sun Mar 31 23:51:30 +0000 2024","1","@TheLadyJokeer @gibran_tweet Kalau memang ada rekamannya kenapa tidak pernah berani diungkapkan ke publik agar publik paham arti sebuah kebenaran Lebay nih","1774585342970286523","","TheLadyJokeer","in","","0","0","0","https://x.com/Sgrdamai/status/1774585342970286523","193623463","Sgrdamai"
"1774429299128639627","Sun Mar 31 23:51:00 +0000 2024","0","@DedynurPalakka @TeddGus @gibran_tweet Ted Ded gmn khabarnya 271 Trilyun itu woyy? Yg muda2 ini spt @kaesangb kesngkut jg ngk? Muda dpt kekuasaan krn karbitan kadang lupa diri bener ngk? Ô∏è","1774585215333417227","","DedynurPalakka","in","Menteng, Indonesia","0","0","0","https://x.com/IamTotoPing/status/1774585215333417227","1655848158457638912","IamTotoPing"
"1774463723908026587","Sun Mar 31 23:49:54 +0000 2024","0","@HermanLanang86 @Dennysiregar7 @officialMKRI Hadah kayak yg hina pada ganteng dan cantik aja. Udah pada peyot jelek pun. Tunggu aja aksi @gibran_tweet Kalo memang dungu ngak bisa buat kemajuan apapun kan bisa di impeachment.","1774584938786148421","","HermanLanang232","in","","0","1","0","https://x.com/LizaBali3/status/1774584938786148421","1563653900309524481","LizaBali3"
"1774584493199994970","Sun Mar 31 23:48:08 +0000 2024","0","Tadi dapet kabar kalo yang jadi mc si Gibran","1774584493199994970","","","in","they/them","0","2","0","https://x.com/oscariisaacc/status/1774584493199994970","1551079064202461184","oscariisaacc"
"1774578312947593674","Sun Mar 31 23:46:13 +0000 2024","1","@tempodotco @SimbahPutri1 Andaikata setelah Sidang PHPU di @officialMKRI selesai. Dan msh tetap saja @officialMKRI Sbg kaki tangan Penguasa @jokowi Artinya @officialMKRI justru ikut berbuat curang melegitimasi kecurangan Paslon 02 @prabowo @gibran_tweet. Inilah sengaja demokrasi dirusak. ","1774584014940287087","","tempodotco","in","","0","1","0","https://x.com/BiruBir26073179/status/1774584014940287087","1611783237013229569","BiruBir26073179"
"1774316170050671036","Sun Mar 31 23:44:36 +0000 2024","7","@yayuksuseno888 @abu_waras @gibran_tweet tuh adik mu toh wong ndeso minta kerjaan ama orang tua ","1774583607769919873","","yayuksuseno888","in","DKI Jakarta, Indonesia","0","1","0","https://x.com/Sobirin_ganteng/status/1774583607769919873","1316716584379973633","Sobirin_ganteng"
"1774583529990766869","Sun Mar 31 23:44:18 +0000 2024","4","banyak post april mop yaa semoga post KPU prabowo-gibran menang itu juga april mop ","1774583529990766869","","","in","","0","0","1","https://x.com/koganenohikari/status/1774583529990766869","1278269892882337792","koganenohikari"
"1774351330825670851","Sun Mar 31 23:43:38 +0000 2024","0","@tvOneNews Jika pak Prabowo sudah lulus uji mental kini mas Gibran diharapkan lulus juga. Stay low create happiness respect critics and do your best to this country Ô∏èüáÆüá©Ô∏è","1774583362600186071","","tvOneNews","in","","0","0","0","https://x.com/ads19sda61/status/1774583362600186071","1682337837562339328","ads19sda61"
"1774439726801723761","Sun Mar 31 23:43:22 +0000 2024","5","@DedynurPalakka @gibran_tweet Loe urus anggota loe yg perkosa buzzer dengan biadab apa loe gak malu kalau @psi_id partai anak anak biadab berkelakuan macam binatang memperkosa wanita aja dah biadab ditambah lagi wanita yg diperkosa sedang menstruasi gile loe ndrooooo","1774583294694502706","","DedynurPalakka","in","","0","2","1","https://x.com/HMTata3/status/1774583294694502706","1357909543099928576","HMTata3"
"1774301694945538052","Sun Mar 31 23:43:16 +0000 2024","0","@yaniarsim @harveymoeis @dewisandra @SandraDewi88 Waduh jangan2 gak bisa bedain cak imin sama gibran","1774583271629930965","","yaniarsim","in","Singapore","0","0","0","https://x.com/BudiAgungNu/status/1774583271629930965","1725771409606250496","BudiAgungNu"
"1773959505250046043","Sun Mar 31 23:42:02 +0000 2024","2","@GM_Warrios @QalbuBahasa @gibran_tweet Muka e itu loh ngeselin banget","1774582958265139389","","GM_Warrios","in","","0","1","0","https://x.com/RAISYAELBIX1s/status/1774582958265139389","1134604401824260096","RAISYAELBIX1s"
"1774347167332970968","Sun Mar 31 23:42:01 +0000 2024","0","@BattoAjax @Jelli_cent Itulah sebabnya team pengacara 02 bilang 03 dan 01 Ban ci. Dulu bilang sah pencalonan @gibran_tweet. Setelah kalah bilang Ngak Sah. Aturan hukum abal2 dr 01 &amp; 03. @mohmahfudmd @aniesbaswedan @ganjarpranowo","1774582955895374047","","BattoAjax","in","","0","0","0","https://x.com/LizaBali3/status/1774582955895374047","1563653900309524481","LizaBali3"
"1774347167332970968","Sun Mar 31 23:40:47 +0000 2024","1","@mawarwarna @Jelli_cent Bukan hy angka2 tp curang/cacat dg meloloskan Gibran n Prabowo yg menabrak aturan hukum &amp; etika mikir dong... Mikir....","1774582644241788999","","mawarwarna","in","","0","0","0","https://x.com/Samadi_Lukman/status/1774582644241788999","1585248515609210881","Samadi_Lukman"
"1774429299128639627","Sun Mar 31 23:40:23 +0000 2024","0","@DedynurPalakka @TeddGus @gibran_tweet jika matang...pasti dia tidak akan memaksakan segala cara utk maju bahkan dg melanggar konstitusi.. anak haram konstitusi.. caleg dan partai gagal otaknya gk nyampe.. eh ketua partai psi pemerkosa buzzerRp bgm proses nya?","1774582544538968250","","DedynurPalakka","in","","0","0","0","https://x.com/petaroenk451/status/1774582544538968250","1603519410584817665","petaroenk451"
"1774439726801723761","Sun Mar 31 23:39:24 +0000 2024","0","@DedynurPalakka @gibran_tweet Yg elegan lagi ini partai sampah Indonesia tidak punya idealisme partai menca mecle. Emang pantas ini partai tidak masuk Senayan dan kaga bakal pernah ini parti masuk Senayan. 2029 ini partai kembali ke mode asli 1 koma Persin. Simpan komen gw ini kalau kaga Lo percaya.","1774582298140377233","","DedynurPalakka","in","","0","0","0","https://x.com/Leewawan92/status/1774582298140377233","1647473281212231680","Leewawan92"
"1774269415745577116","Sun Mar 31 23:39:12 +0000 2024","0","@tham878 tentu KPU hrs diminta tanggung jawabnya klu menerima pendaftara gibran atas dasar KEPMK no 90 sebab MK bkn lembaga pembuat UU hingga KEPMK hrs dibawa ke DPR utk direvisi","1774582245694874055","","tham878","in","","0","0","0","https://x.com/patriotiku/status/1774582245694874055","749123511352848390","patriotiku"
"1774582195513966598","Sun Mar 31 23:39:00 +0000 2024","0","Daftar Kritik PDIP untuk Jokowi yang Kini Beda Haluan Singgung Gibran Nepotisme hingga Utang #Jokowi #PDIP #Gibran https://t.co/k6vjoAUuOj lewat @tribunkaltim","1774582195513966598","","","in","Balikpapan, Indonesia","0","0","0","https://x.com/tribunkaltim/status/1774582195513966598","103551225","tribunkaltim"
"1774269024677089744","Sun Mar 31 23:38:11 +0000 2024","0","@alisyarief Benar kata nih orang dan saya juga ikut mengecam Pak Hasto ngga pantes Gibran disamain sama driver truck!!! Driver truck punya skill tinggi beda sama si paling planga plongo!!!","1774581989385044249","","alisyarief","in","","0","0","0","https://x.com/orange_barbar/status/1774581989385044249","2194647685","orange_barbar"
"1774345888812744999","Sun Mar 31 23:07:53 +0000 2024","1","@kikysaputrii kelakuan kaya gibran ngereply tweet2 ga penting. karyanya mana?","1774574367961391422","","kikysaputrii","tl","","0","0","0","https://x.com/yoghafoto/status/1774574367961391422","284283807","yoghafoto"
"1774574107394551912","Sun Mar 31 23:06:51 +0000 2024","1","eh kacian deh tadinya mau sindir orang tapi malah menyidir sendiri.","1774574107394551912","","","in","Indonesia","0","0","0","https://x.com/insanisyah1/status/1774574107394551912","1461644341139496965","insanisyah1"
"1760970509599355183","Sun Mar 31 23:06:02 +0000 2024","0","@anakkedua571 @700juta @gibran_tweet Masihhh... Kan ga jadi coment ","1774573899277291854","","anakkedua571","in","","0","0","0","https://x.com/itsnaeyul/status/1774573899277291854","1513131927854747649","itsnaeyul"
"1774439726801723761","Sun Mar 31 23:05:22 +0000 2024","1","@DedynurPalakka @gibran_tweet Milenial anak katrok lah attitudenya berbeda karena pengajaran etika yg tidak baik dilingkungannya apalagi ukuran 2.3 daya pemahaman nya pasti lambat .....slow respon kali awowoowowk","1774573733367468171","","DedynurPalakka","in","","0","0","0","https://x.com/sastro1000/status/1774573733367468171","1683003885227741185","sastro1000"
"1774573462721372510","Sun Mar 31 23:04:18 +0000 2024","3","GAYA KOMUNIKASI HASTO kepada GIBRAN masih mau MEMPERTAHANKAN Model FEODALISME. Sudah gak jaman model komunikasi kek hasto. Yang ada generasi milenial-Z justru akan menjawab dgn apa adanya. Pdhl HASTO maunya ada war dgn adanya statemen2nya.","1774573462721372510","","","in","Amsterdam, The Netherlands","1","0","0","https://x.com/BattoAjax/status/1774573462721372510","394675941","BattoAjax"
"1774337928111743344","Sun Mar 31 23:02:36 +0000 2024","1","@barry_all2n @gibran_tweet Telat ...hahaha biar telat yg penting Telat hahahaha","1774573036290900137","","barry_all2n","in","","0","0","0","https://x.com/aepsuprianata72/status/1774573036290900137","1442604924","aepsuprianata72"
"1758505450075779524","Sun Mar 31 23:02:32 +0000 2024","0","@UlumuddinAceng @gibran_tweet Anjiiir","1774573019362676789","","UlumuddinAceng","in","","0","0","0","https://x.com/alexandreanov/status/1774573019362676789","1135086952720420864","alexandreanov"
"1774572885572813038","Sun Mar 31 23:02:00 +0000 2024","0","Pemeran utamanya jokowi gibran beserta keluarga besar.","1774572885572813038","","","in","New Asgard, T√∏nsberg, Norway","0","0","0","https://x.com/samsuil_/status/1774572885572813038","107277799","samsuil_"
"1774365831608303824","Sun Mar 31 22:59:59 +0000 2024","0","@AnKiiim_ Tapi jujur kalo di salah satu perusahaan 9 naga gibran kaesang dah terkenal banget perusahaannya dipake buat ke arah sana. Sampe ultah perusahaan yg tadinya makanan yg enak2 dipaksain pake dr resto mereka.","1774572377135046787","","AnKiiim_","in","","0","0","0","https://x.com/vara_jaeyong/status/1774572377135046787","1313167568274767873","vara_jaeyong"
"1758505450075779524","Sun Mar 31 22:59:29 +0000 2024","1","@Ascan155885 @gibran_tweet Gk usah kasihan..jorokin aja ke jurang","1774572250177704137","","Ascan155885","in","","0","0","0","https://x.com/alexandreanov/status/1774572250177704137","1135086952720420864","alexandreanov"
"1773959505250046043","Sun Mar 31 22:58:42 +0000 2024","0","@SotoAyam1970 @siihboyy @gibran_tweet alasan pildun batal itu karena FIFA tidak memberikan izin mbak! Terima kenyataan dong. Bukan negara kita yang memutuskan hal ini. Sekalipun ada permenlu kalo FIFA kasih izin ya tetep jalan kemaren‚Äç‚Äç","1774572056140800323","","SotoAyam1970","in","","0","1","0","https://x.com/LyliDeer183/status/1774572056140800323","1460190656182194177","LyliDeer183"
"1774439726801723761","Sun Mar 31 22:50:35 +0000 2024","0","@DedynurPalakka @gibran_tweet awokwokwok milenial ipk rendah? mending ga usah kuliah langsung aja jadi wapres mumpung bapak masih presiden","1774570012264763550","","DedynurPalakka","in","","0","0","0","https://x.com/yoghafoto/status/1774570012264763550","284283807","yoghafoto"
"1758505450075779524","Sun Mar 31 22:50:25 +0000 2024","0","@Naurafayruzya @gibran_tweet Anak jkw Khan tolol semua..kmu baru tau?","1774569968522469755","","NouraFayruz","in","","0","0","0","https://x.com/alexandreanov/status/1774569968522469755","1135086952720420864","alexandreanov"
"1774439726801723761","Sun Mar 31 22:50:04 +0000 2024","0","@Bambangmulyonoo @DedynurPalakka @gibran_tweet tahu aja mul","1774569883273170967","","Bambangmulyonoo","et","","0","0","0","https://x.com/Febri90380555/status/1774569883273170967","1289050030741970944","Febri90380555"
"1758505450075779524","Sun Mar 31 22:49:23 +0000 2024","0","@gibran_tweet Bocah songong....wakakak...Sekelas partai PDIP pun kena tipu... Megawati..Hasto..ditipu","1774569708488130711","","gibran_tweet","in","","0","0","0","https://x.com/alexandreanov/status/1774569708488130711","1135086952720420864","alexandreanov"
"1774085262131572972","Sun Mar 31 22:49:11 +0000 2024","0","@yosephrosario_ @Ndons_Back @Royan_02 @JordanMihaf @bengkeldodo @EL_Mascotte @BabyMcPepes @MakeItAQuoteJP @MakeItAQuoteKR @colorize_bot @icikiwir_08 Logika jangan dibolak balik seenak jidatmu. Kalau o2 gak maksa masang gibran jadi bacawapres dan bokap nya gibran gak cawe-cawe dgn melibatkan asn sipil dan nom sipil utk mendukung o2 juga kpu plus bawaslu gak di obrak abrik...maka saat pemilu berlangsung jurdil semua lgowo.","1774569660652077391","","yossrsro","in","Indonesia","0","2","0","https://x.com/iso_tenanan/status/1774569660652077391","1604410409653440513","iso_tenanan"
"1774569659129618535","Sun Mar 31 22:49:11 +0000 2024","1","semoga Bang @fadlizon dapat dicalonkan @prabowo sebagai Mensesneg atau Menlu RI !!","1774569659129618535","","","in","Indonesia","0","1","1","https://x.com/insanisyah1/status/1774569659129618535","1461644341139496965","insanisyah1"
"1774569613193556349","Sun Mar 31 22:49:00 +0000 2024","0","Nyebokin cawapres Gibran Nyebokin ayat-ayat Ô∏èSaking banyaknya kontradiksi masi aja dipercaya https://t.co/2fzNBvr2TI","1774569613193556349","https://pbs.twimg.com/media/GKCJlt1acAAfQUv.jpg","","in","","0","0","0","https://x.com/dejnse/status/1774569613193556349","770952766164348928","dejnse"
"1774286952961097806","Sun Mar 31 22:48:25 +0000 2024","0","@MTaufiq_NTB @aniesbaswedan @cakimiNOW Yg harus dipikirkan kedepannya adlh bagaimana caranya Gibran sebagai wapres termuda ( 36 thn) diakui secara konstitusional krn keputusan MKMK menyalahkan etika MK dlm proses pe keputusan dn DKPP menyalahkan KPU menerima pencalonan Gibran kan MKMK dn DKPP lembaga resmi negara.","1774569468905320592","","MTaufiq_NTB","in","","0","0","0","https://x.com/UsmanAbdS2/status/1774569468905320592","1624187953781280768","UsmanAbdS2"
"1774569104474849692","Sun Mar 31 22:46:59 +0000 2024","1","Seorang pembohong selamanya akan menjadi pembohong. Dan seorang pembohong akan sangat berbahaya kalau terpilih jadi pemimpin negeri ini ! Alhamdulillah rakyat bangsa ini dah sangat cerdas sehingga mereka memilih @prabowo - @gibran_tweet sbg pemimpin negeri ini !","1774569104474849692","","","in","Bumiayu, Indonesia","0","0","0","https://x.com/sukardiyahya162/status/1774569104474849692","1539724674749579265","sukardiyahya162"
"1774569037944819839","Sun Mar 31 22:46:43 +0000 2024","4","Cam tu jer Pas campak Umno dalam lubang najis...patutla tinggal 30++ kerusi jer.","1774569037944819839","","","in","","0","1","0","https://x.com/DeathtoKoruptor/status/1774569037944819839","132422126","DeathtoKoruptor"
"1774432114349621535","Sun Mar 31 22:44:57 +0000 2024","0","@kegblgnunfaedh Selvi cuma luluh sama mas Gibran ","1774568595990925322","","kegblgnunfaedh","in","Surakarta, Jawa Tengah","0","0","0","https://x.com/ReyhanSafa1/status/1774568595990925322","1559948236382928896","ReyhanSafa1"
"1774288500537667786","Sun Mar 31 22:44:42 +0000 2024","0","@saidi_sudarsono Masalahnya disitu mereka minta gibran atau 02 gk boleh ikut. Kan melanggar hak bernegara seseorang","1774568531386114483","","saidi_sudarsono","in","","0","0","0","https://x.com/Prastyana4/status/1774568531386114483","1274551310646272000","Prastyana4"
"1774295200036487392","Sun Mar 31 22:43:47 +0000 2024","2","@TheLadyJokeer @gibran_tweet Kata PSI Hasto hanya bajaj tua yg kenalpotnya penuh asap ","1774568300594512214","","TheLadyJokeer","in","Denpasar, Bali","0","0","0","https://x.com/ketut188/status/1774568300594512214","2912664536","ketut188"
"1774367264256737574","Sun Mar 31 22:43:27 +0000 2024","0","@OposisiCerdas Rezim jokowi memaksa gribran menjadi wapres... rakyat berhak memaksa jokowi dan gibran turun... Perlu Harus Wajib Paksa Sampai turun...","1774568215236202753","","OposisiCerdas","in","","0","0","1","https://x.com/Thoyib83928012/status/1774568215236202753","1161802113606750208","Thoyib83928012"
"1774000353501167862","Sun Mar 31 22:43:04 +0000 2024","0","@KaixaVtuber @msaid_didu Hahahaha kasian kedunguannya udah setara kedengkiannya next 2029 gibran presiden biar lo pindah negara ","1774568121975841063","","KaixaVtuber","in","","0","0","0","https://x.com/ariidrianto/status/1774568121975841063","176120280","ariidrianto"
"1774038805722624202","Sun Mar 31 22:42:43 +0000 2024","0","@NenkMonica @officialMKRI @yennywahid @AgusYudhoyono @gibran_tweet Gawat orang seperti ini","1774568032448516558","","NenkMonica","in","Indonesia","0","0","0","https://x.com/Alank_Baka/status/1774568032448516558","1033317568545677315","Alank_Baka"
"1774335919161839989","Sun Mar 31 22:41:31 +0000 2024","0","@xquitavee yg percaya sama postinganmu FIX GIBRAN BANGET!!!!","1774567730584383936","","xquitavee","in","","0","0","0","https://x.com/CGusti99/status/1774567730584383936","1553423195767599104","CGusti99"
"1774486859307262047","Sun Mar 31 22:41:19 +0000 2024","0","@mayangreall1 Posisi d mn Tan... Skrg mau mendekat","1774567681989263453","","elshareal","in","Bogor, Jawa Barat","0","0","0","https://x.com/Asykarisaja/status/1774567681989263453","1760514234746912768","Asykarisaja"
"1772963415532736845","Sun Mar 31 22:41:10 +0000 2024","0","@nisma_mokhtar @StefanAntonio__ @gibran_tweet Kasian deh lu..kalau ga mau...ya ga usah komen....ga ada yg paksa kok","1774567641942049019","","nisma_mokhtar","in","toufen... Taiwan ","0","0","0","https://x.com/catasayank3456/status/1774567641942049019","1602620325782786050","catasayank3456"
"1774565343761215551","Sun Mar 31 22:41:04 +0000 2024","4","@Pencerah___ Mas mbang dalilnya klas lokal.. suara Fanatis melitan @prabowo Pemilu 2014 45% Pemilu 2019 48% Simpel+ KIM+ Gibran+ Relawan+ Progmelanjutkn = 58% masuk akal lihat Suara Partai Brp suara @aniesbaswedan Ngibul debat ko dibawa ke @officialMKRI @habiburokhman","1774567617317245263","","Pencerah___","in","","0","0","0","https://x.com/hadehate16/status/1774567617317245263","1622153911753900032","hadehate16"
"1774295200036487392","Sun Mar 31 22:40:18 +0000 2024","0","@TheLadyJokeer @JanPetrusPurba @gibran_tweet Org yg suka ngetag tokoh masyarakat itu butuh diperhatikan ya? Mmg nya loe siapa?","1774567422777045149","","TheLadyJokeer","in","Jakarta, Indonesia","0","0","0","https://x.com/Stef_Rud/status/1774567422777045149","2833745060","Stef_Rud"
"1774295200036487392","Sun Mar 31 22:38:53 +0000 2024","0","@TheLadyJokeer @gibran_tweet Kalau omongan org ngawur cenderung ngigau ngapain ditanggapi . Tp skr generasi muda makin tahu buat Hasto dan Pdip generasi muda itu jd barang yg hrs dihindari. Pastinya anak2 muda dianggap remeh sm dia. Masih mau pilih? ","1774567068693905408","","TheLadyJokeer","in","Jakarta, Indonesia","0","0","0","https://x.com/Stef_Rud/status/1774567068693905408","2833745060","Stef_Rud"
"1774377238403920330","Sun Mar 31 22:38:41 +0000 2024","0","@ferdinand_mpu @gibran_tweet Gak setuju Israel itu negara terorist pembunuh anak anak tidak berdoa https://t.co/V75xXelB5c","1774567015879201198","https://pbs.twimg.com/media/GKCHS8xakAAFvb0.jpg","ferdinand_mpu","in","","0","0","0","https://x.com/TatangSalman/status/1774567015879201198","1537047414087221249","TatangSalman"
"1774566913273962658","Sun Mar 31 22:38:16 +0000 2024","1","Muda2 dah bodoh mcm walaun https://t.co/nSIPdBEEB9","1774566913273962658","https://pbs.twimg.com/media/GKCHM4fbQAAsPlG.jpg","","in","","0","0","0","https://x.com/DeathtoKoruptor/status/1774566913273962658","132422126","DeathtoKoruptor"
"1774185088332513763","Sun Mar 31 22:37:58 +0000 2024","0","@habiburokhman Gugatlah kemana aja .. .. Yang jelas Prabowo Gibran sudah pilihan rakyat tidak ada yang bisa membatalkan suara rakyat","1774566839173222552","","habiburokhman","in","","0","0","0","https://x.com/YaniZuryani/status/1774566839173222552","1405050068453912577","YaniZuryani"
"1774559433735164110","Sun Mar 31 22:37:44 +0000 2024","0","@MoTeeTee @KompasTV Pamannya Gibran sudah diputuskan melanggar etik omon omon aje 02","1774566778968141907","","SolflareDev","in","","0","0","0","https://x.com/alvaro_noz/status/1774566778968141907","1699601210628886528","alvaro_noz"
"1774335919161839989","Sun Mar 31 22:36:55 +0000 2024","0","@5ribudollar_ @xquitavee Tolong q ngakak baca ini suamiku kalo q bertingkah bodoh jg dibilang jangan Gibran to ","1774566574491623542","","5ribudollar_","in","","0","0","0","https://x.com/bintangber_lian/status/1774566574491623542","1728774434197291008","bintangber_lian"
"1774351330825670851","Sun Mar 31 22:36:52 +0000 2024","0","@tvOneNews Antara lugu dungu sama belagu ya begini ini @gibran_tweet","1774566561321553994","","tvOneNews","in","Dumek","0","0","0","https://x.com/UGiatno/status/1774566561321553994","1170665438876798976","UGiatno"
"1774435417007538549","Sun Mar 31 22:36:16 +0000 2024","0","@AgusAjalah_ @psi_id @RajaJuliAntoni kayaknya dia kenal @kaesangp @gibran_tweet ","1774566409911279631","","AgusAjalah_","in","","0","0","0","https://x.com/amlfzn/status/1774566409911279631","1097269573848449024","amlfzn"
"1774295200036487392","Sun Mar 31 22:34:08 +0000 2024","0","@TheLadyJokeer @gibran_tweet Samsul mana berani klarifikasi ngomong aja nga...ngu....nga...ngu.. dengan mata belernya..","1774565871983489336","","TheLadyJokeer","in","Botim","0","0","0","https://x.com/MoningJanuarius/status/1774565871983489336","1457360006827839496","MoningJanuarius"
"1773907646338523302","Sun Mar 31 22:32:51 +0000 2024","0","@sandyalfia96694 @gibran_tweet @PDI_Perjuangan Jangan nudah mengharamkan sesuatu.....hanya karna syahwat ingin menaang...","1774565547465916827","","sandyalfia96694","in","Kota Dumai, Riau","0","0","0","https://x.com/Andrianmar36030/status/1774565547465916827","1671611204274634753","Andrianmar36030"
"1774439328724422764","Sun Mar 31 22:32:23 +0000 2024","2","@Kimberley_PS08 Hufft...... Lu tau kan Anwar Usman sang ketua MK (paman gibran) melakukan pelanggaran etik berat karena turut meloloskan gibran agar bisa maju jadi cawapres? Jika Jokowi seorang negarawan y beretika dia tak akan memaksakan anaknya maju disaat masih mjabat Presiden","1774565432625869057","","Kimberley_PS08","in","","0","0","2","https://x.com/mataairku/status/1774565432625869057","160488966","mataairku"
"1774541446600962244","Sun Mar 31 22:31:59 +0000 2024","0","@MiftahulIsna Mau dong d masakin ma Tantecyg Cantik..","1774565330066780341","","MiftahulIsna","in","Bogor, Jawa Barat","0","0","0","https://x.com/Asykarisaja/status/1774565330066780341","1760514234746912768","Asykarisaja"
"1774565222432571482","Sun Mar 31 22:31:33 +0000 2024","0","Di negara zionist ada Netanyahu Di indonesia ada @jokowi Jd wajar jk uang APBN bansos 490T hrs di usut krn hnya bs dibelanjakan utk mendapatkn capres/cawapres 2024 sekelas @prabowo @gibran_tweet Gk bs mendapatkn sekelas Vladimir putin https://t.co/mFdXNjWBNT","1774565222432571482","","","in","","0","0","0","https://x.com/RinduBae_Wish/status/1774565222432571482","1604819722754629632","RinduBae_Wish"
"1773959505250046043","Sun Mar 31 22:31:16 +0000 2024","0","@gibran_tweet Kata hasto lu pemimpin pembohong","1774565150412185761","","gibran_tweet","in","Jakarta","0","0","0","https://x.com/hesanpitosa/status/1774565150412185761","186434280","hesanpitosa"
"1774524371157365215","Sun Mar 31 22:30:51 +0000 2024","0","@MiftahulIsna itu apaan Lendirnya ko gitu...","1774565045080654277","","MiftahulIsna","in","Bogor, Jawa Barat","0","0","0","https://x.com/Asykarisaja/status/1774565045080654277","1760514234746912768","Asykarisaja"
"1774351330825670851","Sun Mar 31 22:29:50 +0000 2024","1","@Kemal2sk @tvOneNews Bagaimana menurut mu brow @gibran_tweet awokawokawok","1774564789349708101","","Kemal2sk","in","Sunda Bandung asli","0","0","0","https://x.com/rusli_andy/status/1774564789349708101","1293887113","rusli_andy"
"1774295200036487392","Sun Mar 31 22:29:48 +0000 2024","0","@TheLadyJokeer @gibran_tweet Bukan info baru. Udh byk kader pdip yg nanya hal yg sma ke samsul n jawaban samsul sma spt yg hasto katakan. Di depan media aja bs diliat apa jwb2an samsul n bpknya. Byk yg udh diboongin sma samsul n bpk nya ","1774564783729283466","","TheLadyJokeer","in","","0","0","0","https://x.com/daniel_ch_sj/status/1774564783729283466","1521570367630102528","daniel_ch_sj"
"1774295200036487392","Sun Mar 31 22:08:50 +0000 2024","0","@TheLadyJokeer @gibran_tweet Hahaha... Keledai gak akan jatuh di lobang yang sama....","1774559506221142026","","TheLadyJokeer","in","","0","0","0","https://x.com/Yaka_sulistya/status/1774559506221142026","274357098","Yaka_sulistya"
"1774559466945659070","Sun Mar 31 22:08:41 +0000 2024","0","Petinggi Gerindra Balas Hasto PDIP yang Ibaratkan Gibran Seperti¬†Sopir¬†Truk https://t.co/fA3wiTq2Fi lewat @tribunnews #gerindra #HastoKristiyanto #pdip #gibran #habiburokhman","1774559466945659070","","","in","Balikpapan, Indonesia","0","0","0","https://x.com/tribunkaltim/status/1774559466945659070","103551225","tribunkaltim"
"1774295200036487392","Sun Mar 31 22:07:53 +0000 2024","0","@TheLadyJokeer @gibran_tweet Cc : raden bagus @gibran_tweet Cc : pak @prabowo Monggo di simak video ini","1774559265250066650","","TheLadyJokeer","in","Sleman, Indonesia","0","0","0","https://x.com/hardi_hardiman2/status/1774559265250066650","776211223079641088","hardi_hardiman2"
"1774558791352102912","Sun Mar 31 22:06:00 +0000 2024","0","#zonauang #zonajajan #infoloker #lokerwfh info loker parttime part time freelance freelancer pelajar mahsiswa kuliah sekolah wfh iphone netflix disney+ viu joki wts wtb pc konser tiket debat pemilu capres cawapres amin anies imin pragi prabowo gibran ganjar mahfud 2r","1774558791352102912","","","in","she/her","0","0","0","https://x.com/idolletes/status/1774558791352102912","734741352236220417","idolletes"
"1774558645038260533","Sun Mar 31 22:05:25 +0000 2024","1","Setuju Food Estate hrs dilanjutkan !!","1774558645038260533","","","in","Indonesia","0","1","1","https://x.com/insanisyah1/status/1774558645038260533","1461644341139496965","insanisyah1"
"1770927482415525987","Sun Mar 31 22:05:24 +0000 2024","0","@mohmahfudmd Lu ngutip gitu udah jelas banget final mutlak tapi masih aja ribut soal diskualifikasi gibran. Oskadon katanya oyee pak coba deh","1774558640332243297","","mohmahfudmd","in","Prague, Czech Republic","0","0","0","https://x.com/excusmealana/status/1774558640332243297","1659920903545974784","excusmealana"
"1774283439426216202","Sun Mar 31 22:03:46 +0000 2024","0","@LokalPendaki laga lu mau ksih mkan gretong ke anak skolah guru2 nya ja pd trlantar @prabowo @gibran_tweet @prabowogibran2","1774558229244379613","","LokalPendaki","in","Depok, Indonesia","0","0","0","https://x.com/hippyyyyyyyyyy/status/1774558229244379613","1684630204441059330","hippyyyyyyyyyy"
"1774554352558170138","Sun Mar 31 22:03:23 +0000 2024","0","@gcntles Lu aneh vanget faaakkk Udh btul Zaki gibran napa lu mafmud aneehh... knapa gk anis kak?","1774558132888621408","","gcntles","in","","0","0","0","https://x.com/sereidne/status/1774558132888621408","1569770316657999873","sereidne"
"1774439726801723761","Sun Mar 31 22:02:56 +0000 2024","0","@DedynurPalakka @gibran_tweet kadernya sendiri adalah pemerkosa tpi dpp psi gk ada speak up dan tindakan","1774558020615409946","","DedynurPalakka","in","","0","0","0","https://x.com/JarjitPacul/status/1774558020615409946","1505240193187872769","JarjitPacul"
"1774351330825670851","Sun Mar 31 22:02:06 +0000 2024","4","@tvOneNews Kenyataannya jawaban gibran selalu tidak mencerminkan orang yang dewasa dan berpengetahuan yg luas. Sedih kualitas cawapres kalau gini. Betul¬≤ bisa jadi boneka oligarki","1774557809599988017","","tvOneNews","in","","0","0","1","https://x.com/soegix_ICT/status/1774557809599988017","176044866","soegix_ICT"
"1773717957262413944","Sun Mar 31 22:02:01 +0000 2024","0","@mengbete bosmu ga liat yg foto gibran?","1774557788087435384","","mengbete","in","Baker Street, 221b","0","1","0","https://x.com/RisangPFM/status/1774557788087435384","982975251247071232","RisangPFM"
"1774463723908026587","Sun Mar 31 22:01:36 +0000 2024","3","@Dennysiregar7 @officialMKRI Nah ini namanya integritas guru besar... Salut untuk para akademisi spt beliau beliau.. Perkara hasilnya bgimna nanti masarakat menilai.. Apakaah MK masih bisa d setir kendalikan atau tidak. Normalnya putusan seharusnya gibran g bisa ikut pilpress. Krn illegal scra hukum.","1774557684836278448","","Dennysiregar7","in","Saint-Christophe-du-Luat, Fran","0","0","0","https://x.com/gajahserenang/status/1774557684836278448","1603889217683103745","gajahserenang"
"1774351330825670851","Sun Mar 31 21:49:56 +0000 2024","0","@tvOneNews Pernyataan gibran makin validasi kritik pak hasto lol","1774554748898922856","","tvOneNews","in","rumah ortu","0","0","0","https://x.com/FathanZaid/status/1774554748898922856","286516642","FathanZaid"
"1774429299128639627","Sun Mar 31 21:49:50 +0000 2024","0","@DedynurPalakka @TeddGus @gibran_tweet Tidak pernah menyangka klu capres &amp; partai nya dikalahkan pasangan / koalisi lain masih terbayang manis nya 2014&amp;2019 walau blm dpt jabatan public berharap 2024 akan sama &amp; bisa menikmati... kenyataan lain harap maklum","1774554724383264813","","DedynurPalakka","in","West Java, Indonesia","0","0","0","https://x.com/Putraonetwo/status/1774554724383264813","761439318107787264","Putraonetwo"
"1774554598025625703","Sun Mar 31 21:49:20 +0000 2024","0","*Ibaratkan Gibran dengan Sopir Truk Hasto Dikecam Gerindra* https://t.co/dGYYfveu3Y - Wakil Ketua Umum Partai Gerindra Habiburokhman mengecam keras pernyataan Sekretaris Jenderal PDIP Hasto Kristiyanto #gibran #hasto #pdip #pan #gerindra #monitorday https://t.co/SZH8fPlj9w","1774554598025625703","https://pbs.twimg.com/ext_tw_video_thumb/1774554484410327040/pu/img/lOyUoRrCBIMJdbKU.jpg","","in","Indonesia","0","0","0","https://x.com/monitordaycom/status/1774554598025625703","70600007","monitordaycom"
"1774391295915721084","Sun Mar 31 21:49:15 +0000 2024","0","@ARSIPAJA Gibran ini pura2 bego apa emang bego menahun?","1774554576026493265","","ARSIPAJA","in","","0","0","0","https://x.com/pusppppp/status/1774554576026493265","545031638","pusppppp"
"1774351330825670851","Sun Mar 31 21:49:10 +0000 2024","0","@tvOneNews Ciri ciri calon pemimpin yang hebat pada masa depan RI ada pada Gibran..sering d caci maki d hina dan d cemooh..","1774554555398967606","","tvOneNews","in","","0","0","0","https://x.com/CaptHarsono/status/1774554555398967606","1553973803738230784","CaptHarsono"
"1774429299128639627","Sun Mar 31 21:48:33 +0000 2024","0","@DedynurPalakka @TeddGus @gibran_tweet Sama lu berdua omon omon kosong sama dong bos PSI dan Garuda yg satu anggota nya rudal paksa Buzzer nya dan yg satu anggota nya membunuh teman selingkuh. Gimana kokoh Toni udah pakai seragam Oranye polisi blm.","1774554402151698798","","DedynurPalakka","in","","0","1","0","https://x.com/DDewata3656/status/1774554402151698798","1740084219693711360","DDewata3656"
"1774269024677089744","Sun Mar 31 21:45:46 +0000 2024","0","@alisyarief Masih hebat supir truk di banding gibran cok..","1774553701925191960","","alisyarief","in","","0","0","0","https://x.com/Prasety78456062/status/1774553701925191960","1562669034424143872","Prasety78456062"
"1774295200036487392","Sun Mar 31 21:45:39 +0000 2024","0","@TheLadyJokeer @gibran_tweet Prabowo ngga masalah jd Presiden RI tapi si samsul gibrit si anak haram konstitusi (meskipun hanya sekedar BAN SERAP) sangat menjijikkan kayak bapaknya sang penghianat. Ora sudi duwe ban SERAP koyo si samsul.","1774553670308573383","","TheLadyJokeer","in","jakarta","0","0","0","https://x.com/rullystr/status/1774553670308573383","213946406","rullystr"
"1774391295915721084","Sun Mar 31 21:45:30 +0000 2024","0","@ARSIPAJA wapres berbekal jawaban yang penting savage .. 5 tahun kedepan bakal lbih sering denger jawaban2 savage tapi kosong dari gibran.. brave yourself.. ","1774553632010379427","","ARSIPAJA","in","","0","0","0","https://x.com/ari29_kop/status/1774553632010379427","986890975","ari29_kop"
"1771476368712241567","Sun Mar 31 21:44:40 +0000 2024","0","@gibran_tweet Qodarullah wa maa sya'a fa'ala.... Sehat selalu pak @prabowo dan Mas @gibran_tweet kami 58%rakyat Indonesia menunggu pelantikan bapak menjadi presiden dan wapres Indonesia 2024. Semoga Indonesia semakin maju ","1774553424102871116","","gibran_tweet","in","","0","0","0","https://x.com/SetyabudiI38286/status/1774553424102871116","1738015707584200704","SetyabudiI38286"
"1772963415532736845","Sun Mar 31 21:44:23 +0000 2024","0","@gibran_tweet Mau mass","1774553351918956775","","gibran_tweet","in","Gambir, Indonesia","0","0","0","https://x.com/iqball1313/status/1774553351918956775","1753067902398533632","iqball1313"
"1774337928111743344","Sun Mar 31 21:43:58 +0000 2024","1","@barry_all2n @gibran_tweet Dari atas sampai kebawah krbagian duit..aparat penegak hukum apa lagi","1774553245673046409","","barry_all2n","in","","0","0","0","https://x.com/bandansyah/status/1774553245673046409","3189574338","bandansyah"
"1774553091301671408","Sun Mar 31 21:43:21 +0000 2024","1","2.3 ipk gibran Bulan ramadhan tetep nyebar fitnah &amp; kebencian ","1774553091301671408","","","in","My own damn lunatic asylum","0","1","0","https://x.com/kio_kio7/status/1774553091301671408","1050720998","kio_kio7"
"1774552868781166653","Sun Mar 31 21:42:28 +0000 2024","0","*KOTORNYA YUSRIL DIBONGKAR ABIS ....MEMILIKI JARINGAN TAMBANG BATUBARA BERSAMA OLIGARKI..... PANTAS SEKARANG TANPA RASA MALU MEMBELA KECURANGAN JOKOWI DAN GIBRAN BIAR PERUSAHAN TAMBANGNYA AMAN.* https://t.co/fFLm0SFgkn","1774552868781166653","https://pbs.twimg.com/ext_tw_video_thumb/1774552758483660800/pu/img/5VeN5vAGs4bOZdhu.jpg","","in","","0","0","0","https://x.com/MMehonx/status/1774552868781166653","1642462072754806785","MMehonx"
"1774269132646535351","Sun Mar 31 21:41:59 +0000 2024","0","@DiengKentang @detikcom @detikjatengcom Terlalu gibran = terlalu du**u?","1774552748400447752","","DiengKentang","in","Indonesia","0","0","0","https://x.com/amloek/status/1774552748400447752","1389243739","amloek"
"1774439726801723761","Sun Mar 31 21:41:33 +0000 2024","1","@DedynurPalakka @gibran_tweet Ngomongin attitude dari partai yang tak punya attitude https://t.co/x08d3hlAWo","1774552640632054070","https://pbs.twimg.com/media/GKB6N_1a4AA9C1F.jpg","DedynurPalakka","in","","0","0","0","https://x.com/yulienn23/status/1774552640632054070","1605169034281897984","yulienn23"
